tick, healthy cells, infected cells, dead cells, total virus conc., total drug conc., total drug conc. transfer 
0,39985.0,15.0,0.0,0.04804664677579164,5.0,0.0
1,39985.0,15.0,0.0,0.0960182197324866,5.0,0.0
2,39985.0,15.0,0.0,0.14388031497971615,5.0,0.0
3,39985.0,15.0,0.0,0.19166905671612255,5.0,0.0
4,39985.0,15.0,0.0,0.2393898299042715,5.0,0.0
5,39985.0,15.0,0.0,0.28705239859007037,5.0,0.0
6,39985.0,15.0,0.0,0.33459823397556054,5.0,0.0
7,39985.0,15.0,0.0,0.38206933321065223,5.0,0.0
8,39985.0,15.0,0.0,0.4294384451483995,5.0,0.0
9,39985.0,15.0,0.0,0.47676146759615523,5.0,0.0
10,39985.0,15.0,0.0,0.5239599928740037,5.0,0.0
11,39985.0,15.0,0.0,0.5711053892124596,5.0,0.0
12,39985.0,15.0,0.0,0.6181632079797894,5.0,0.0
13,39985.0,15.0,0.0,0.665201103809067,5.0,0.0
14,39985.0,15.0,0.0,0.7121581584765857,5.0,0.0
15,39985.0,15.0,0.0,0.7590102022280968,5.0,0.0
16,39985.0,15.0,0.0,0.8057790613279772,5.0,0.0
17,39985.0,15.0,0.0,0.8524734607136494,5.0,0.0
18,39985.0,15.0,0.0,0.8991019225984557,5.0,0.0
19,39985.0,15.0,0.0,0.945660390460288,5.0,0.0
20,39985.0,15.0,0.0,0.9921317076961327,5.0,0.0
21,39985.0,15.0,0.0,1.0385198150284483,5.0,0.0
22,39985.0,15.0,0.0,1.084807474181441,5.0,0.0
23,39985.0,15.0,0.0,1.1310169214902506,5.0,0.0
24,39985.0,15.0,0.0,1.1771683595552467,5.0,0.0
25,39985.0,15.0,0.0,1.2232259006903987,5.0,0.0
26,39985.0,15.0,0.0,1.2692246295069867,5.0,0.0
27,39985.0,15.0,0.0,1.3151202022252384,5.0,0.0
28,39985.0,15.0,0.0,1.3610006524791758,5.0,0.0
29,39985.0,15.0,0.0,1.4067603264599902,5.0,0.0
30,39985.0,15.0,0.0,1.4524447904119218,5.0,0.0
31,39985.0,15.0,0.0,1.4980683587548913,5.0,0.0
32,39985.0,15.0,0.0,1.5435982131779606,5.0,0.0
33,39985.0,15.0,0.0,1.589061110767753,5.0,0.0
34,39985.0,15.0,0.0,1.634466811684558,5.0,0.0
35,39985.0,15.0,0.0,1.6797854450727416,5.0,0.0
36,39985.0,15.0,0.0,1.7250155510881784,5.0,0.0
37,39985.0,15.0,0.0,1.7701572260689566,5.0,0.0
38,39985.0,15.0,0.0,1.815209483697588,5.0,0.0
39,39985.0,15.0,0.0,1.8602278859616728,5.0,0.0
40,39985.0,15.0,0.0,1.9051685953356428,5.0,0.0
41,39985.0,15.0,0.0,1.9500347164540164,5.0,0.0
42,39985.0,15.0,0.0,1.9948490556285818,5.0,0.0
43,39985.0,15.0,0.0,2.039577113149849,5.0,0.0
44,39985.0,15.0,0.0,2.0841852967142316,5.0,0.0
45,39985.0,15.0,0.0,2.1287217176153694,5.0,0.0
46,39985.0,15.0,0.0,2.1732151173567678,5.0,0.0
47,39985.0,15.0,0.0,2.217645576022104,5.0,0.0
48,39985.0,14.0,1.0,2.2619725300405533,5.0,0.0
49,39985.0,14.0,1.0,2.3030218601050385,5.0,0.0
50,39985.0,14.0,1.0,2.34404152176875,5.0,0.0
51,39985.0,14.0,1.0,2.384939748841815,5.0,0.0
52,39985.0,14.0,1.0,2.425794147994618,5.0,0.0
53,39985.0,14.0,1.0,2.4666045345975087,5.0,0.0
54,39985.0,14.0,1.0,2.507324026379571,5.0,0.0
55,39985.0,14.0,1.0,2.5479868152881733,5.0,0.0
56,39985.0,14.0,1.0,2.5885523390666925,5.0,0.0
57,39985.0,14.0,1.0,2.62908251615474,5.0,0.0
58,39985.0,14.0,1.0,2.6695340699021757,5.0,0.0
59,39985.0,14.0,1.0,2.7099304313167223,5.0,0.0
60,39985.0,14.0,1.0,2.7502580170715447,5.0,0.0
61,39985.0,14.0,1.0,2.7904806762492145,5.0,0.0
62,39985.0,14.0,1.0,2.8306700099210422,5.0,0.0
63,39985.0,14.0,1.0,2.870778051605624,5.0,0.0
64,39985.0,14.0,1.0,2.9108576666583392,5.0,0.0
65,39985.0,14.0,1.0,2.95084260220348,5.0,0.0
66,39985.0,14.0,1.0,2.99076003114547,5.0,0.0
67,39985.0,14.0,1.0,3.030598536705563,5.0,0.0
68,39985.0,14.0,1.0,3.0703922970779174,5.0,0.0
69,39985.0,14.0,1.0,3.110122453435729,5.0,0.0
70,39985.0,14.0,1.0,3.149736004086565,5.0,0.0
71,39985.0,14.0,1.0,3.1893295957522807,5.0,0.0
72,39985.0,14.0,1.0,3.228861995107195,5.0,0.0
73,39985.0,14.0,1.0,3.268323219940457,5.0,0.0
74,39985.0,14.0,1.0,3.307703675778531,5.0,0.0
75,39985.0,14.0,1.0,3.3470215099598786,5.0,0.0
76,39985.0,14.0,1.0,3.386271093976937,5.0,0.0
77,39985.0,14.0,1.0,3.425478220341115,5.0,0.0
78,39985.0,14.0,1.0,3.464604356453736,5.0,0.0
79,39985.0,14.0,1.0,3.503683367358894,5.0,0.0
80,39985.0,14.0,1.0,3.542669909483305,5.0,0.0
81,39985.0,14.0,1.0,3.581594120277513,5.0,0.0
82,39985.0,14.0,1.0,3.6204585037821713,5.0,0.0
83,39985.0,14.0,1.0,3.659269152218111,5.0,0.0
84,39985.0,14.0,1.0,3.6980043830730662,5.0,0.0
85,39985.0,14.0,1.0,3.736630580733771,5.0,0.0
86,39985.0,14.0,1.0,3.7752441663560137,5.0,0.0
87,39985.0,14.0,1.0,3.8137693495974982,5.0,0.0
88,39985.0,14.0,1.0,3.8522478528750024,5.0,0.0
89,39985.0,14.0,1.0,3.8906653083078524,5.0,0.0
90,39985.0,14.0,1.0,3.9289951136069408,5.0,0.0
91,39985.0,14.0,1.0,3.9672955135480135,5.0,0.0
92,39985.0,14.0,1.0,4.005498978472855,5.0,0.0
93,39985.0,14.0,1.0,4.043603123600666,5.0,0.0
94,39985.0,14.0,1.0,4.081701485317008,5.0,0.0
95,39985.0,14.0,1.0,4.119726863972132,5.0,0.0
96,39985.0,14.0,1.0,4.157693006544064,5.0,0.0
97,39985.0,14.0,1.0,4.195592122049471,5.0,0.0
98,39985.0,14.0,1.0,4.233441534626748,5.0,0.0
99,39985.0,14.0,1.0,4.271226284033818,5.0,0.0
100,39985.0,14.0,1.0,4.308947532029115,5.0,0.0
101,39985.0,14.0,1.0,4.346569913408631,5.0,0.0
102,39985.0,14.0,1.0,4.384135738467075,5.0,0.0
103,39985.0,14.0,1.0,4.421656298935642,5.0,0.0
104,39985.0,14.0,1.0,4.459119424280459,5.0,0.0
105,39985.0,14.0,1.0,4.4965375743963,5.0,0.0
106,39985.0,14.0,1.0,4.533893397741994,5.0,0.0
107,39985.0,14.0,1.0,4.571191651732243,5.0,0.0
108,39985.0,14.0,1.0,4.608389532497531,5.0,0.0
109,39985.0,14.0,1.0,4.645523969013684,5.0,0.0
110,39985.0,14.0,1.0,4.682633034802246,5.0,0.0
111,39985.0,14.0,1.0,4.7196642834632785,5.0,0.0
112,39985.0,14.0,1.0,4.756661617526874,5.0,0.0
113,39985.0,14.0,1.0,4.793548244870133,5.0,0.0
114,39985.0,14.0,1.0,4.83037888668967,5.0,0.0
115,39985.0,14.0,1.0,4.867155585554647,5.0,0.0
116,39985.0,14.0,1.0,4.903877675599084,5.0,0.0
117,39985.0,14.0,1.0,4.940528722081321,5.0,0.0
118,39985.0,14.0,1.0,4.977139495533314,5.0,0.0
119,39985.0,14.0,1.0,5.013668976763573,5.0,0.0
120,39985.0,14.0,1.0,5.050147571209082,5.0,0.0
121,39985.0,14.0,1.0,5.086551564156305,5.0,0.0
122,39985.0,14.0,1.0,5.122891983042169,5.0,0.0
123,39985.0,14.0,1.0,5.159193076327563,5.0,0.0
124,39985.0,14.0,1.0,5.195409066545261,5.0,0.0
125,39985.0,14.0,1.0,5.231587039717326,5.0,0.0
126,39985.0,14.0,1.0,5.2676693626852895,5.0,0.0
127,39985.0,14.0,1.0,5.303708994903237,5.0,0.0
128,39985.0,14.0,1.0,5.339689426180675,5.0,0.0
129,39985.0,14.0,1.0,5.375642736734547,5.0,0.0
130,39985.0,14.0,1.0,5.411510046622186,5.0,0.0
131,39985.0,14.0,1.0,5.447315277871681,5.0,0.0
132,39985.0,14.0,1.0,5.4830693017414305,5.0,0.0
133,39985.0,14.0,1.0,5.518739773202848,5.0,0.0
134,39985.0,14.0,1.0,5.554365816617489,5.0,0.0
135,39985.0,14.0,1.0,5.589954754852957,5.0,0.0
136,39985.0,14.0,1.0,5.6254416783144965,5.0,0.0
137,39985.0,14.0,1.0,5.660900357366459,5.0,0.0
138,39985.0,14.0,1.0,5.696271207943228,5.0,0.0
139,39985.0,13.0,2.0,5.731597755822063,5.0,0.0
140,39985.0,13.0,2.0,5.763652839495034,5.0,0.0
141,39985.0,13.0,2.0,5.795664260479425,5.0,0.0
142,39985.0,13.0,2.0,5.8276098966693715,5.0,0.0
143,39985.0,13.0,2.0,5.859480526076917,5.0,0.0
144,39985.0,13.0,2.0,5.891325175603298,5.0,0.0
145,39985.0,13.0,2.0,5.923151244530469,5.0,0.0
146,39985.0,13.0,2.0,5.954871772226551,5.0,0.0
147,39985.0,13.0,2.0,5.986576563220787,5.0,0.0
148,39985.0,13.0,2.0,6.018232941024939,5.0,0.0
149,39985.0,13.0,2.0,6.049813447536478,5.0,0.0
150,39985.0,13.0,2.0,6.081349214469898,5.0,0.0
151,39985.0,13.0,2.0,6.112824459852459,5.0,0.0
152,39985.0,13.0,2.0,6.144244198496772,5.0,0.0
153,39985.0,13.0,2.0,6.175641340639872,5.0,0.0
154,39985.0,13.0,2.0,6.206968237826941,5.0,0.0
155,39985.0,13.0,2.0,6.238258895862247,5.0,0.0
156,39985.0,13.0,2.0,6.269511069305377,5.0,0.0
157,39985.0,13.0,2.0,6.300659833137348,5.0,0.0
158,39985.0,13.0,2.0,6.331786548021499,5.0,0.0
159,39985.0,13.0,2.0,6.362866204768904,5.0,0.0
160,39985.0,13.0,2.0,6.393883832399527,5.0,0.0
161,39985.0,13.0,2.0,6.424856375911816,5.0,0.0
162,39985.0,13.0,2.0,6.455753762920181,5.0,0.0
163,39985.0,13.0,2.0,6.486609896783283,5.0,0.0
164,39985.0,13.0,2.0,6.517399982627385,5.0,0.0
165,39985.0,13.0,2.0,6.548159377447693,5.0,0.0
166,39985.0,13.0,2.0,6.578874760544875,5.0,0.0
167,39985.0,13.0,2.0,6.609528332118259,5.0,0.0
168,39985.0,13.0,2.0,6.640130972594951,5.0,0.0
169,39985.0,13.0,2.0,6.670719566381567,5.0,0.0
170,39985.0,13.0,2.0,6.701228145860451,5.0,0.0
171,39985.0,13.0,2.0,6.73168591584424,5.0,0.0
172,39985.0,13.0,2.0,6.762114344924431,5.0,0.0
173,39985.0,13.0,2.0,6.792454139476514,5.0,0.0
174,39985.0,13.0,2.0,6.822731087860565,5.0,0.0
175,39985.0,13.0,2.0,6.85298504969067,5.0,0.0
176,39985.0,13.0,2.0,6.883182275343989,5.0,0.0
177,39985.0,13.0,2.0,6.913297804201824,5.0,0.0
178,39985.0,13.0,2.0,6.94338520714209,5.0,0.0
179,39985.0,13.0,2.0,6.973402155227956,5.0,0.0
180,39985.0,13.0,2.0,7.003413914453838,5.0,0.0
181,39985.0,13.0,2.0,7.033369991183915,5.0,0.0
182,39985.0,13.0,2.0,7.063250322436704,5.0,0.0
183,39985.0,13.0,2.0,7.093119110117542,5.0,0.0
184,39985.0,13.0,2.0,7.122909704111296,5.0,0.0
185,39985.0,13.0,2.0,7.152635140023394,5.0,0.0
186,39985.0,13.0,2.0,7.1823420460259495,5.0,0.0
187,39985.0,13.0,2.0,7.211957402613998,5.0,0.0
188,39985.0,13.0,2.0,7.241541891205968,5.0,0.0
189,39985.0,13.0,2.0,7.271088248355993,5.0,0.0
190,39985.0,13.0,2.0,7.300589607911884,5.0,0.0
191,39985.0,13.0,2.0,7.330025002764885,5.0,0.0
192,39985.0,13.0,2.0,7.359402912962581,5.0,0.0
193,39985.0,13.0,2.0,7.388741173271699,5.0,0.0
194,39985.0,13.0,2.0,7.418024211848554,5.0,0.0
195,39985.0,13.0,2.0,7.447249813187336,5.0,0.0
196,39985.0,13.0,2.0,7.476454193964208,5.0,0.0
197,39985.0,13.0,2.0,7.505593644047691,5.0,0.0
198,39985.0,13.0,2.0,7.534693682302568,5.0,0.0
199,39985.0,13.0,2.0,7.563731351489664,5.0,0.0
200,39985.0,13.0,2.0,7.592732664631979,5.0,0.0
201,39985.0,13.0,2.0,7.621687334545873,5.0,0.0
202,39985.0,13.0,2.0,7.650605162971007,5.0,0.0
203,39985.0,13.0,2.0,7.679497304969048,5.0,0.0
204,39985.0,13.0,2.0,7.7082945640200435,5.0,0.0
205,39985.0,13.0,2.0,7.737033146518112,5.0,0.0
206,39985.0,13.0,2.0,7.765741268544338,5.0,0.0
207,39985.0,13.0,2.0,7.794406215676558,5.0,0.0
208,39985.0,13.0,2.0,7.823036874545603,5.0,0.0
209,39985.0,13.0,2.0,7.851620421314249,5.0,0.0
210,39985.0,13.0,2.0,7.88011908793777,5.0,0.0
211,39985.0,13.0,2.0,7.908595873183159,5.0,0.0
212,39985.0,12.0,3.0,7.9370359523265535,5.0,0.0
213,39985.0,12.0,3.0,7.962220147128485,5.0,0.0
214,39985.0,12.0,3.0,7.987378859129273,5.0,0.0
215,39985.0,12.0,3.0,8.012463050137264,5.0,0.0
216,39985.0,12.0,3.0,8.037522250379395,5.0,0.0
217,39985.0,12.0,3.0,8.062528938297076,5.0,0.0
218,39985.0,12.0,3.0,8.087501230989568,5.0,0.0
219,39985.0,12.0,3.0,8.112425331260148,5.0,0.0
220,39985.0,12.0,3.0,8.137291177244064,5.0,0.0
221,39985.0,12.0,3.0,8.162141938502952,5.0,0.0
222,39985.0,12.0,3.0,8.186917388900605,5.0,0.0
223,39985.0,12.0,3.0,8.211673662754725,5.0,0.0
224,39985.0,12.0,3.0,8.236388035048195,5.0,0.0
225,39985.0,12.0,3.0,8.26105859407484,5.0,0.0
226,39985.0,12.0,3.0,8.285694984266499,5.0,0.0
227,39985.0,12.0,3.0,8.31029760272446,5.0,0.0
228,39985.0,12.0,3.0,8.334914441438789,5.0,0.0
229,39985.0,12.0,3.0,8.359398201735504,5.0,0.0
230,39985.0,12.0,3.0,8.383885301989269,5.0,0.0
231,39985.0,12.0,3.0,8.408324983030884,5.0,0.0
232,39985.0,12.0,3.0,8.432708634708055,5.0,0.0
233,39985.0,12.0,3.0,8.457063761119452,5.0,0.0
234,39985.0,12.0,3.0,8.481361665387656,5.0,0.0
235,39985.0,12.0,3.0,8.505618196206019,5.0,0.0
236,39985.0,12.0,3.0,8.529876914740184,5.0,0.0
237,39985.0,12.0,3.0,8.554069184254024,5.0,0.0
238,39985.0,12.0,3.0,8.578233953954953,5.0,0.0
239,39985.0,12.0,3.0,8.60237108027742,5.0,0.0
240,39985.0,12.0,3.0,8.6264372260454,5.0,0.0
241,39985.0,12.0,3.0,8.650459324711415,5.0,0.0
242,39985.0,12.0,3.0,8.674438181727389,5.0,0.0
243,39985.0,12.0,3.0,8.69839653271601,5.0,0.0
244,39985.0,12.0,3.0,8.722325325470408,5.0,0.0
245,39985.0,12.0,3.0,8.74618768858405,5.0,0.0
246,39985.0,12.0,3.0,8.770023995746971,5.0,0.0
247,39985.0,12.0,3.0,8.79382737974414,5.0,0.0
248,39985.0,12.0,3.0,8.817581277589952,5.0,0.0
249,39985.0,12.0,3.0,8.841267861089708,5.0,0.0
250,39985.0,12.0,3.0,8.864960438959365,5.0,0.0
251,39985.0,12.0,3.0,8.8886115290908,5.0,0.0
252,39985.0,12.0,3.0,8.912223705918992,5.0,0.0
253,39985.0,12.0,3.0,8.935746317801458,5.0,0.0
254,39985.0,12.0,3.0,8.95924714461688,5.0,0.0
255,39985.0,12.0,3.0,8.982721783744744,5.0,0.0
256,39985.0,12.0,3.0,9.006187882729684,5.0,0.0
257,39985.0,12.0,3.0,9.02955429800715,5.0,0.0
258,39985.0,12.0,3.0,9.052922605678216,5.0,0.0
259,39985.0,12.0,3.0,9.076202860635414,5.0,0.0
260,39985.0,12.0,3.0,9.09946884563607,5.0,0.0
261,39985.0,12.0,3.0,9.122717356533126,5.0,0.0
262,39985.0,12.0,3.0,9.145935170761565,5.0,0.0
263,39985.0,12.0,3.0,9.169109773199752,5.0,0.0
264,39985.0,12.0,3.0,9.192251850558225,5.0,0.0
265,39985.0,12.0,3.0,9.215321582491155,5.0,0.0
266,39985.0,12.0,3.0,9.238388651263481,5.0,0.0
267,39985.0,12.0,3.0,9.261383999905188,5.0,0.0
268,39985.0,12.0,3.0,9.284351576526346,5.0,0.0
269,39985.0,12.0,3.0,9.307299538390723,5.0,0.0
270,39985.0,12.0,3.0,9.330180364406425,5.0,0.0
271,39985.0,12.0,3.0,9.353022343619578,5.0,0.0
272,39985.0,12.0,3.0,9.375844379592921,5.0,0.0
273,39985.0,12.0,3.0,9.398613908053632,5.0,0.0
274,39985.0,12.0,3.0,9.421367296587007,5.0,0.0
275,39985.0,12.0,3.0,9.444049341484654,5.0,0.0
276,39985.0,12.0,3.0,9.466718297029583,5.0,0.0
277,39985.0,12.0,3.0,9.48935212990274,5.0,0.0
278,39985.0,12.0,3.0,9.511911350205805,5.0,0.0
279,39985.0,12.0,3.0,9.534464001584855,5.0,0.0
280,39985.0,12.0,3.0,9.556989542533744,5.0,0.0
281,39985.0,12.0,3.0,9.579472580824591,5.0,0.0
282,39985.0,12.0,3.0,9.601901265154757,5.0,0.0
283,39985.0,12.0,3.0,9.62429511524473,5.0,0.0
284,39985.0,12.0,3.0,9.646661959341932,5.0,0.0
285,39985.0,12.0,3.0,9.668987628873458,5.0,0.0
286,39985.0,12.0,3.0,9.69123932262334,5.0,0.0
287,39985.0,12.0,3.0,9.713486445006945,5.0,0.0
288,39985.0,12.0,3.0,9.735695892321957,5.0,0.0
289,39985.0,12.0,3.0,9.757878988987715,5.0,0.0
290,39985.0,12.0,3.0,9.780012659819615,5.0,0.0
291,39985.0,12.0,3.0,9.802104830853308,5.0,0.0
292,39985.0,12.0,3.0,9.824147212988956,5.0,0.0
293,39985.0,12.0,3.0,9.846185253482044,5.0,0.0
294,39985.0,12.0,3.0,9.868169014439957,5.0,0.0
295,39985.0,12.0,3.0,9.890134088896932,5.0,0.0
296,39985.0,12.0,3.0,9.912053524859722,5.0,0.0
297,39985.0,12.0,3.0,9.93393821718974,5.0,0.0
298,39985.0,12.0,3.0,9.955783075203444,5.0,0.0
299,39985.0,12.0,3.0,9.977600517388284,5.0,0.0
300,39985.0,12.0,3.0,9.999358158098335,5.0,0.0
301,39985.0,12.0,3.0,10.021094238971054,5.0,0.0
302,39985.0,12.0,3.0,10.04281110861335,5.0,0.0
303,39985.0,12.0,3.0,10.064482722302765,5.0,0.0
304,39985.0,12.0,3.0,10.086127916377354,5.0,0.0
305,39985.0,12.0,3.0,10.107735885056956,5.0,0.0
306,39985.0,12.0,3.0,10.129306614399418,5.0,0.0
307,39985.0,12.0,3.0,10.150835259949325,5.0,0.0
308,39985.0,12.0,3.0,10.17231317659965,5.0,0.0
309,39985.0,12.0,3.0,10.19374810565753,5.0,0.0
310,39985.0,12.0,3.0,10.215151656101735,5.0,0.0
311,39985.0,12.0,3.0,10.23651832740114,5.0,0.0
312,39985.0,12.0,3.0,10.257839142407457,5.0,0.0
313,39985.0,12.0,3.0,10.27918942906122,5.0,0.0
314,39985.0,12.0,3.0,10.300458909157232,5.0,0.0
315,39985.0,12.0,3.0,10.32171401080972,5.0,0.0
316,39985.0,12.0,3.0,10.34289898451414,5.0,0.0
317,39985.0,12.0,3.0,10.364072962120245,5.0,0.0
318,39985.0,12.0,3.0,10.385180717244321,5.0,0.0
319,39985.0,12.0,3.0,10.406262310707886,5.0,0.0
320,39985.0,12.0,3.0,10.427322322587498,5.0,0.0
321,39985.0,12.0,3.0,10.448320214062676,5.0,0.0
322,39985.0,12.0,3.0,10.469324070511657,5.0,0.0
323,39985.0,12.0,3.0,10.490289772984266,5.0,0.0
324,39985.0,12.0,3.0,10.511204661374583,5.0,0.0
325,39985.0,12.0,3.0,10.532098163323754,5.0,0.0
326,39985.0,12.0,3.0,10.552958121507148,5.0,0.0
327,39985.0,12.0,3.0,10.573747689119386,5.0,0.0
328,39985.0,12.0,3.0,10.594551097079005,5.0,0.0
329,39985.0,12.0,3.0,10.615301388777054,5.0,0.0
330,39985.0,12.0,3.0,10.635998463659865,5.0,0.0
331,39985.0,12.0,3.0,10.656671270937238,5.0,0.0
332,39985.0,12.0,3.0,10.677297025105153,5.0,0.0
333,39985.0,12.0,3.0,10.697897196132953,5.0,0.0
334,39985.0,12.0,3.0,10.71846398723147,5.0,0.0
335,39985.0,12.0,3.0,10.738987666799718,5.0,0.0
336,39985.0,12.0,3.0,10.7594945895465,5.0,0.0
337,39985.0,12.0,3.0,10.779962287099563,5.0,0.0
338,39985.0,12.0,3.0,10.800403632581137,5.0,0.0
339,39985.0,12.0,3.0,10.820794235937909,5.0,0.0
340,39985.0,12.0,3.0,10.84115632998184,5.0,0.0
341,39985.0,12.0,3.0,10.861465013583159,5.0,0.0
342,39985.0,12.0,3.0,10.881768274339343,5.0,0.0
343,39985.0,12.0,3.0,10.902011404596733,5.0,0.0
344,39985.0,12.0,3.0,10.922240206779554,5.0,0.0
345,39985.0,12.0,3.0,10.942441104260688,5.0,0.0
346,39985.0,12.0,3.0,10.962619590262907,5.0,0.0
347,39985.0,12.0,3.0,10.982750424418558,5.0,0.0
348,39985.0,12.0,3.0,11.0028479951122,5.0,0.0
349,39985.0,12.0,3.0,11.02289435934412,5.0,0.0
350,39985.0,12.0,3.0,11.042931912664907,5.0,0.0
351,39985.0,12.0,3.0,11.06290380592572,5.0,0.0
352,39985.0,12.0,3.0,11.082874845453283,5.0,0.0
353,39985.0,12.0,3.0,11.102794525671605,5.0,0.0
354,39985.0,12.0,3.0,11.122698453978611,5.0,0.0
355,39985.0,12.0,3.0,11.142543360742291,5.0,0.0
356,39985.0,12.0,3.0,11.162367423629766,5.0,0.0
357,39985.0,12.0,3.0,11.182155139606818,5.0,0.0
358,39985.0,12.0,3.0,11.201927081079221,5.0,0.0
359,39985.0,12.0,3.0,11.221643112965825,5.0,0.0
360,39985.0,12.0,3.0,11.241315825139349,5.0,0.0
361,39985.0,12.0,3.0,11.260987469000039,5.0,0.0
362,39985.0,12.0,3.0,11.280620472016999,5.0,0.0
363,39985.0,12.0,3.0,11.300228389415858,5.0,0.0
364,39985.0,12.0,3.0,11.31979744641628,5.0,0.0
365,39985.0,12.0,3.0,11.339362547429397,5.0,0.0
366,39985.0,12.0,3.0,11.358846358119722,5.0,0.0
367,39985.0,12.0,3.0,11.37833089218533,5.0,0.0
368,39985.0,12.0,3.0,11.397760246626747,5.0,0.0
369,39985.0,12.0,3.0,11.417172123209275,5.0,0.0
370,39985.0,12.0,3.0,11.436559914976243,5.0,0.0
371,39985.0,12.0,3.0,11.45590622308161,5.0,0.0
372,39985.0,12.0,3.0,11.475214227655133,5.0,0.0
373,39985.0,12.0,3.0,11.494500196456945,5.0,0.0
374,39985.0,12.0,3.0,11.513759759607217,5.0,0.0
375,39985.0,12.0,3.0,11.532972344018276,5.0,0.0
376,39985.0,12.0,3.0,11.552134223316235,5.0,0.0
377,39985.0,12.0,3.0,11.571277316086192,5.0,0.0
378,39985.0,12.0,3.0,11.590365729464455,5.0,0.0
379,39985.0,12.0,3.0,11.609466531145847,5.0,0.0
380,39985.0,12.0,3.0,11.628517277735666,5.0,0.0
381,39985.0,12.0,3.0,11.647506569632725,5.0,0.0
382,39985.0,12.0,3.0,11.666485589182807,5.0,0.0
383,39985.0,12.0,3.0,11.685453926964863,5.0,0.0
384,39985.0,12.0,3.0,11.704372547176597,5.0,0.0
385,39985.0,12.0,3.0,11.72327215701228,5.0,0.0
386,39985.0,12.0,3.0,11.74212431807436,5.0,0.0
387,39985.0,12.0,3.0,11.760936838457667,5.0,0.0
388,39985.0,12.0,3.0,11.779723467531447,5.0,0.0
389,39985.0,12.0,3.0,11.798490194321388,5.0,0.0
390,39985.0,12.0,3.0,11.817247231826187,5.0,0.0
391,39985.0,12.0,3.0,11.835935697613497,5.0,0.0
392,39985.0,12.0,3.0,11.85460632950242,5.0,0.0
393,39985.0,12.0,3.0,11.873231106953327,5.0,0.0
394,39985.0,12.0,3.0,11.8918296689003,5.0,0.0
395,39985.0,12.0,3.0,11.910429574082423,5.0,0.0
396,39985.0,12.0,3.0,11.928953771242714,5.0,0.0
397,39985.0,12.0,3.0,11.947462980572466,5.0,0.0
398,39985.0,12.0,3.0,11.965926524808166,5.0,0.0
399,39985.0,12.0,3.0,11.98435556586494,5.0,0.0
400,39985.0,12.0,3.0,12.002786121196472,5.0,0.0
401,39985.0,12.0,3.0,12.021181237941772,5.0,0.0
402,39985.0,12.0,3.0,12.03953729179758,5.0,0.0
403,39985.0,12.0,3.0,12.057868100771653,5.0,0.0
404,39985.0,12.0,3.0,12.07616031115844,5.0,0.0
405,39985.0,12.0,3.0,12.094440004399582,5.0,0.0
406,39985.0,12.0,3.0,12.112665114593034,5.0,0.0
407,39985.0,12.0,3.0,12.130873597192977,5.0,0.0
408,39985.0,12.0,3.0,12.14903675441589,5.0,0.0
409,39985.0,12.0,3.0,12.167191070668059,5.0,0.0
410,39985.0,12.0,3.0,12.1853042695175,5.0,0.0
411,39985.0,12.0,3.0,12.203376631342154,5.0,0.0
412,39985.0,12.0,3.0,12.221450047691595,5.0,0.0
413,39985.0,12.0,3.0,12.239476205714933,5.0,0.0
414,39985.0,12.0,3.0,12.257475558838529,5.0,0.0
415,39985.0,12.0,3.0,12.275441878244985,5.0,0.0
416,39985.0,12.0,3.0,12.293365890574453,5.0,0.0
417,39985.0,12.0,3.0,12.311256056325403,5.0,0.0
418,39985.0,12.0,3.0,12.329142701970678,5.0,0.0
419,39985.0,12.0,3.0,12.346979861228023,5.0,0.0
420,39985.0,12.0,3.0,12.364780736701167,5.0,0.0
421,39985.0,12.0,3.0,12.382548003959966,5.0,0.0
422,39985.0,12.0,3.0,12.400319212447757,5.0,0.0
423,39985.0,12.0,3.0,12.418047062508714,5.0,0.0
424,39985.0,12.0,3.0,12.435722147090297,5.0,0.0
425,39985.0,12.0,3.0,12.453384417198869,5.0,0.0
426,39985.0,12.0,3.0,12.471012570431702,5.0,0.0
427,39985.0,12.0,3.0,12.488596607631852,5.0,0.0
428,39985.0,12.0,3.0,12.506167117754044,5.0,0.0
429,39985.0,12.0,3.0,12.523723502530135,5.0,0.0
430,39985.0,12.0,3.0,12.54126043258013,5.0,0.0
431,39985.0,12.0,3.0,12.55875061456434,5.0,0.0
432,39985.0,12.0,3.0,12.57621846964883,5.0,0.0
433,39985.0,12.0,3.0,12.593652581901129,5.0,0.0
434,39985.0,12.0,3.0,12.611023626659689,5.0,0.0
435,39985.0,12.0,3.0,12.62837423748103,5.0,0.0
436,39985.0,12.0,3.0,12.645703282484341,5.0,0.0
437,39985.0,12.0,3.0,12.662993621141649,5.0,0.0
438,39985.0,12.0,3.0,12.680282044034465,5.0,0.0
439,39985.0,12.0,3.0,12.69754938514687,5.0,0.0
440,39985.0,12.0,3.0,12.714809487992266,5.0,0.0
441,39985.0,12.0,3.0,12.732008773828765,5.0,0.0
442,39985.0,12.0,3.0,12.74914650896043,5.0,0.0
443,39985.0,12.0,3.0,12.766278556424991,5.0,0.0
444,39985.0,12.0,3.0,12.783410846253519,5.0,0.0
445,39985.0,12.0,3.0,12.800497358641234,5.0,0.0
446,39985.0,12.0,3.0,12.817541013770935,5.0,0.0
447,39985.0,12.0,3.0,12.834596066885293,5.0,0.0
448,39985.0,12.0,3.0,12.85159589996607,5.0,0.0
449,39985.0,12.0,3.0,12.868565921916742,5.0,0.0
450,39985.0,12.0,3.0,12.88553183226401,5.0,0.0
451,39985.0,12.0,3.0,12.902449725619505,5.0,0.0
452,39985.0,12.0,3.0,12.919327169661102,5.0,0.0
453,39985.0,12.0,3.0,12.936211363902329,5.0,0.0
454,39985.0,12.0,3.0,12.953042450708255,5.0,0.0
455,39985.0,12.0,3.0,12.969847531481836,5.0,0.0
456,39985.0,12.0,3.0,12.986639050211194,5.0,0.0
457,39985.0,12.0,3.0,13.003384014563,5.0,0.0
458,39985.0,12.0,3.0,13.020060923635622,5.0,0.0
459,39985.0,12.0,3.0,13.03675779413395,5.0,0.0
460,39985.0,12.0,3.0,13.053436556807172,5.0,0.0
461,39985.0,12.0,3.0,13.070085587698197,5.0,0.0
462,39985.0,12.0,3.0,13.086687781347225,5.0,0.0
463,39985.0,12.0,3.0,13.103279660141757,5.0,0.0
464,39985.0,12.0,3.0,13.119801500860287,5.0,0.0
465,39985.0,12.0,3.0,13.13632502277232,5.0,0.0
466,39985.0,12.0,3.0,13.15280857899452,5.0,0.0
467,39985.0,12.0,3.0,13.169273260486596,5.0,0.0
468,39985.0,12.0,3.0,13.185728804078014,5.0,0.0
469,39985.0,12.0,3.0,13.202168527191441,5.0,0.0
470,39985.0,12.0,3.0,13.218560290396153,5.0,0.0
471,39985.0,12.0,3.0,13.23492093056239,5.0,0.0
472,39985.0,12.0,3.0,13.251242076153554,5.0,0.0
473,39985.0,12.0,3.0,13.267554908722346,5.0,0.0
474,39985.0,12.0,3.0,13.28385256655781,5.0,0.0
475,39985.0,12.0,3.0,13.300115336344666,5.0,0.0
476,39985.0,12.0,3.0,13.316345729085088,5.0,0.0
477,39985.0,12.0,3.0,13.332559773383112,5.0,0.0
478,39985.0,12.0,3.0,13.348703165781643,5.0,0.0
479,39985.0,12.0,3.0,13.364861840637214,5.0,0.0
480,39985.0,12.0,3.0,13.380969745440867,5.0,0.0
481,39985.0,12.0,3.0,13.397077307930067,5.0,0.0
482,39985.0,12.0,3.0,13.413159542283323,5.0,0.0
483,39985.0,12.0,3.0,13.429201632767892,5.0,0.0
484,39985.0,12.0,3.0,13.445241190953514,5.0,0.0
485,39985.0,12.0,3.0,13.461224110704926,5.0,0.0
486,39985.0,12.0,3.0,13.477173910705924,5.0,0.0
487,39985.0,12.0,3.0,13.49309849097256,5.0,0.0
488,39985.0,12.0,3.0,13.508988493664898,5.0,0.0
489,39985.0,12.0,3.0,13.524870795145672,5.0,0.0
490,39985.0,12.0,3.0,13.540721572534125,5.0,0.0
491,39985.0,12.0,3.0,13.556547863057677,5.0,0.0
492,39985.0,12.0,3.0,13.572364019832966,5.0,0.0
493,39985.0,12.0,3.0,13.588163471772965,5.0,0.0
494,39985.0,12.0,3.0,13.603906654649402,5.0,0.0
495,39985.0,12.0,3.0,13.619621958317907,5.0,0.0
496,39985.0,12.0,3.0,13.63530927915532,5.0,0.0
497,39985.0,11.0,4.0,13.650933221704502,5.0,0.0
498,39985.0,11.0,4.0,13.663386881718434,5.0,0.0
499,39985.0,11.0,4.0,13.675793551028951,5.0,0.0
500,39985.0,11.0,4.0,13.688198822563807,5.0,0.0
501,39985.0,11.0,4.0,13.700553248392984,5.0,0.0
502,39985.0,11.0,4.0,13.712905726684372,5.0,0.0
503,39985.0,11.0,4.0,13.725240274926694,5.0,0.0
504,39985.0,11.0,4.0,13.73755485168167,5.0,0.0
505,39985.0,11.0,4.0,13.749851320266275,5.0,0.0
506,39985.0,11.0,4.0,13.762132362833869,5.0,0.0
507,39985.0,11.0,4.0,13.774392522823375,5.0,0.0
508,39985.0,11.0,4.0,13.786591048235874,5.0,0.0
509,39985.0,11.0,4.0,13.798811831641412,5.0,0.0
510,39985.0,11.0,4.0,13.81098684899765,5.0,0.0
511,39985.0,11.0,4.0,13.8231588711212,5.0,0.0
512,39985.0,11.0,4.0,13.83532843935652,5.0,0.0
513,39985.0,11.0,4.0,13.847453850141722,5.0,0.0
514,39985.0,11.0,4.0,13.859558458500272,5.0,0.0
515,39985.0,11.0,4.0,13.871630852696875,5.0,0.0
516,39985.0,11.0,4.0,13.88368224015891,5.0,0.0
517,39985.0,11.0,4.0,13.89573045962005,5.0,0.0
518,39985.0,11.0,4.0,13.907768161196742,5.0,0.0
519,39985.0,11.0,4.0,13.919778285237621,5.0,0.0
520,39985.0,11.0,4.0,13.931773073008447,5.0,0.0
521,39985.0,11.0,4.0,13.94372932787713,5.0,0.0
522,39985.0,11.0,4.0,13.95567393261896,5.0,0.0
523,39985.0,11.0,4.0,13.967587133081576,5.0,0.0
524,39985.0,11.0,4.0,13.979473576067306,5.0,0.0
525,39985.0,11.0,4.0,13.991366610933568,5.0,0.0
526,39985.0,11.0,4.0,14.00324796507418,5.0,0.0
527,39985.0,11.0,4.0,14.015099058713812,5.0,0.0
528,39985.0,11.0,4.0,14.026914191966982,5.0,0.0
529,39985.0,11.0,4.0,14.038721305035983,5.0,0.0
530,39985.0,11.0,4.0,14.050522010903483,5.0,0.0
531,39985.0,11.0,4.0,14.062275363718598,5.0,0.0
532,39985.0,11.0,4.0,14.074018639592541,5.0,0.0
533,39985.0,11.0,4.0,14.085748068115379,5.0,0.0
534,39985.0,11.0,4.0,14.09747171248438,5.0,0.0
535,39985.0,11.0,4.0,14.109170278170257,5.0,0.0
536,39985.0,11.0,4.0,14.120843093362835,5.0,0.0
537,39985.0,10.0,5.0,14.132506671376118,5.0,0.0
538,39985.0,10.0,5.0,14.140908671936112,5.0,0.0
539,39985.0,10.0,5.0,14.149338650919242,5.0,0.0
540,39985.0,9.0,6.0,14.157746574667241,5.0,0.0
541,39985.0,9.0,6.0,14.162906946494756,5.0,0.0
542,39985.0,9.0,6.0,14.16809927627226,5.0,0.0
543,39985.0,9.0,6.0,14.173274733352663,5.0,0.0
544,39985.0,9.0,6.0,14.178434335438686,5.0,0.0
545,39985.0,9.0,6.0,14.1835875907965,5.0,0.0
546,39985.0,9.0,6.0,14.188710128900004,5.0,0.0
547,39985.0,9.0,6.0,14.19384085595835,5.0,0.0
548,39985.0,9.0,6.0,14.19895692999071,5.0,0.0
549,39985.0,9.0,6.0,14.204085530114646,5.0,0.0
550,39985.0,9.0,6.0,14.209240717704542,5.0,0.0
551,39985.0,9.0,6.0,14.214333000936909,5.0,0.0
552,39985.0,9.0,6.0,14.219432655139135,5.0,0.0
553,39985.0,9.0,6.0,14.22450652516495,5.0,0.0
554,39985.0,9.0,6.0,14.229572266914028,5.0,0.0
555,39985.0,9.0,6.0,14.234632009009163,5.0,0.0
556,39985.0,9.0,6.0,14.23969354465657,5.0,0.0
557,39985.0,9.0,6.0,14.24474545155149,5.0,0.0
558,39985.0,9.0,6.0,14.249789878040126,5.0,0.0
559,39985.0,9.0,6.0,14.254818322750527,5.0,0.0
560,39985.0,9.0,6.0,14.25985146548219,5.0,0.0
561,39985.0,9.0,6.0,14.264855484855584,5.0,0.0
562,39985.0,9.0,6.0,14.26984436493176,5.0,0.0
563,39985.0,9.0,6.0,14.274856477876051,5.0,0.0
564,39985.0,9.0,6.0,14.279854549470995,5.0,0.0
565,39985.0,9.0,6.0,14.284844375991373,5.0,0.0
566,39985.0,9.0,6.0,14.28983261290184,5.0,0.0
567,39985.0,9.0,6.0,14.294777111633794,5.0,0.0
568,39985.0,9.0,6.0,14.299732361261057,5.0,0.0
569,39985.0,9.0,6.0,14.304691336658871,5.0,0.0
570,39985.0,9.0,6.0,14.309619602634974,5.0,0.0
571,39985.0,9.0,6.0,14.314541800089541,5.0,0.0
572,39985.0,9.0,6.0,14.319483271578314,5.0,0.0
573,39985.0,9.0,6.0,14.32439371973675,5.0,0.0
574,39985.0,9.0,6.0,14.329279244825104,5.0,0.0
575,39985.0,9.0,6.0,14.334187489999639,5.0,0.0
576,39985.0,9.0,6.0,14.339064204819195,5.0,0.0
577,39985.0,9.0,6.0,14.34395475925053,5.0,0.0
578,39985.0,9.0,6.0,14.348806999296102,5.0,0.0
579,39985.0,9.0,6.0,14.353685319610088,5.0,0.0
580,39985.0,9.0,6.0,14.358524746652481,5.0,0.0
581,39985.0,9.0,6.0,14.363386409400249,5.0,0.0
582,39985.0,9.0,6.0,14.368241002162295,5.0,0.0
583,39985.0,9.0,6.0,14.373079403167877,5.0,0.0
584,39985.0,9.0,6.0,14.377900269545304,5.0,0.0
585,39985.0,9.0,6.0,14.382707607016943,5.0,0.0
586,39985.0,9.0,6.0,14.387507201041172,5.0,0.0
587,39985.0,9.0,6.0,14.392287259501918,5.0,0.0
588,39985.0,9.0,6.0,14.397080113334487,5.0,0.0
589,39985.0,9.0,6.0,14.401879170263209,5.0,0.0
590,39985.0,9.0,6.0,14.406648284002284,5.0,0.0
591,39985.0,9.0,6.0,14.411411878298512,5.0,0.0
592,39985.0,9.0,6.0,14.416188384489185,5.0,0.0
593,39985.0,9.0,6.0,14.420923909129652,5.0,0.0
594,39985.0,9.0,6.0,14.425650329452736,5.0,0.0
595,39985.0,9.0,6.0,14.430394152493244,5.0,0.0
596,39985.0,9.0,6.0,14.435137934261963,5.0,0.0
597,39985.0,9.0,6.0,14.439839302169013,5.0,0.0
598,39985.0,9.0,6.0,14.44454298803932,5.0,0.0
599,39985.0,9.0,6.0,14.449229420563382,5.0,0.0
600,39985.0,9.0,6.0,14.453931375556131,5.0,0.0
601,39985.0,9.0,6.0,14.458626191562539,5.0,0.0
602,39985.0,9.0,6.0,14.463308669492786,5.0,0.0
603,39985.0,9.0,6.0,14.467981088506392,5.0,0.0
604,39985.0,9.0,6.0,14.472652326592087,5.0,0.0
605,39985.0,9.0,6.0,14.477330751686027,5.0,0.0
606,39985.0,9.0,6.0,14.481981985690476,5.0,0.0
607,39985.0,9.0,6.0,14.486630085028889,5.0,0.0
608,39985.0,9.0,6.0,14.49125055583196,5.0,0.0
609,39985.0,9.0,6.0,14.49587301553776,5.0,0.0
610,39985.0,9.0,6.0,14.5004757587769,5.0,0.0
611,39985.0,9.0,6.0,14.505113072271511,5.0,0.0
612,39985.0,9.0,6.0,14.509697212210424,5.0,0.0
613,39985.0,9.0,6.0,14.514288777265167,5.0,0.0
614,39985.0,9.0,6.0,14.518858846996496,5.0,0.0
615,39985.0,9.0,6.0,14.523430885934285,5.0,0.0
616,39985.0,9.0,6.0,14.528005355780932,5.0,0.0
617,39985.0,9.0,6.0,14.53257039637517,5.0,0.0
618,39985.0,9.0,6.0,14.537128051620885,5.0,0.0
619,39985.0,9.0,6.0,14.541688975031912,5.0,0.0
620,39985.0,9.0,6.0,14.546212805663119,5.0,0.0
621,39985.0,9.0,6.0,14.550732279868233,5.0,0.0
622,39985.0,9.0,6.0,14.555278213928203,5.0,0.0
623,39985.0,9.0,6.0,14.55976550159064,5.0,0.0
624,39985.0,9.0,6.0,14.564290391549187,5.0,0.0
625,39985.0,9.0,6.0,14.568787922725479,5.0,0.0
626,39985.0,9.0,6.0,14.573287680495397,5.0,0.0
627,39985.0,9.0,6.0,14.577777001998772,5.0,0.0
628,39985.0,9.0,6.0,14.582248380481964,5.0,0.0
629,39985.0,9.0,6.0,14.586713208812258,5.0,0.0
630,39985.0,9.0,6.0,14.591191091968785,5.0,0.0
631,39985.0,9.0,6.0,14.595652580924941,5.0,0.0
632,39985.0,9.0,6.0,14.600118903534298,5.0,0.0
633,39985.0,9.0,6.0,14.604565780505096,5.0,0.0
634,39985.0,9.0,6.0,14.608967246814624,5.0,0.0
635,39985.0,9.0,6.0,14.613366630887459,5.0,0.0
636,39985.0,9.0,6.0,14.617773396946246,5.0,0.0
637,39985.0,9.0,6.0,14.62218258367984,5.0,0.0
638,39985.0,9.0,6.0,14.626581899572088,5.0,0.0
639,39985.0,9.0,6.0,14.630997067091297,5.0,0.0
640,39985.0,9.0,6.0,14.635386830633768,5.0,0.0
641,39985.0,9.0,6.0,14.639758583520338,5.0,0.0
642,39985.0,9.0,6.0,14.644108702548545,5.0,0.0
643,39985.0,9.0,6.0,14.648477820501132,5.0,0.0
644,39985.0,9.0,6.0,14.652847738483775,5.0,0.0
645,39985.0,9.0,6.0,14.65720205915208,5.0,0.0
646,39985.0,9.0,6.0,14.661547951397429,5.0,0.0
647,39985.0,9.0,6.0,14.66589594379216,5.0,0.0
648,39985.0,9.0,6.0,14.670249661961623,5.0,0.0
649,39985.0,9.0,6.0,14.674589182618252,5.0,0.0
650,39985.0,9.0,6.0,14.67891752550939,5.0,0.0
651,39985.0,9.0,6.0,14.68323224642063,5.0,0.0
652,39985.0,9.0,6.0,14.687534715483512,5.0,0.0
653,39985.0,9.0,6.0,14.691833649574615,5.0,0.0
654,39985.0,9.0,6.0,14.696137824514198,5.0,0.0
655,39985.0,9.0,6.0,14.700415536250862,5.0,0.0
656,39985.0,9.0,6.0,14.704692439473304,5.0,0.0
657,39985.0,9.0,6.0,14.708943459913229,5.0,0.0
658,39985.0,9.0,6.0,14.713193339119407,5.0,0.0
659,39985.0,9.0,6.0,14.717459033712014,5.0,0.0
660,39985.0,9.0,6.0,14.721716456218516,5.0,0.0
661,39985.0,9.0,6.0,14.72594250759851,5.0,0.0
662,39985.0,9.0,6.0,14.73018593182693,5.0,0.0
663,39985.0,9.0,6.0,14.734415725276152,5.0,0.0
664,39985.0,9.0,6.0,14.738633474820306,5.0,0.0
665,39985.0,9.0,6.0,14.742857899519024,5.0,0.0
666,39985.0,9.0,6.0,14.747057496803604,5.0,0.0
667,39985.0,9.0,6.0,14.751246377962675,5.0,0.0
668,39985.0,9.0,6.0,14.755440186832585,5.0,0.0
669,39985.0,9.0,6.0,14.759626685904847,5.0,0.0
670,39985.0,9.0,6.0,14.763813730696596,5.0,0.0
671,39985.0,9.0,6.0,14.76798343397001,5.0,0.0
672,39985.0,9.0,6.0,14.772154543444996,5.0,0.0
673,39985.0,9.0,6.0,14.776316941557345,5.0,0.0
674,39985.0,9.0,6.0,14.78046161820265,5.0,0.0
675,39985.0,9.0,6.0,14.784605968963394,5.0,0.0
676,39985.0,9.0,6.0,14.788738420449741,5.0,0.0
677,39985.0,9.0,6.0,14.792864269990568,5.0,0.0
678,39985.0,9.0,6.0,14.79700488119307,5.0,0.0
679,39985.0,9.0,6.0,14.80113477916881,5.0,0.0
680,39985.0,9.0,6.0,14.805240121626184,5.0,0.0
681,39985.0,9.0,6.0,14.809332959063942,5.0,0.0
682,39985.0,8.0,7.0,14.813415429041521,5.0,0.0
683,39985.0,8.0,7.0,14.814299205861657,5.0,0.0
684,39985.0,8.0,7.0,14.81517527606204,5.0,0.0
685,39985.0,8.0,7.0,14.816059201789876,5.0,0.0
686,39985.0,8.0,7.0,14.81691530943514,5.0,0.0
687,39985.0,8.0,7.0,14.81780527156075,5.0,0.0
688,39985.0,8.0,7.0,14.81868743804141,5.0,0.0
689,39985.0,8.0,7.0,14.819599790909058,5.0,0.0
690,39985.0,8.0,7.0,14.820479525623911,5.0,0.0
691,39985.0,8.0,7.0,14.821346324002988,5.0,0.0
692,39985.0,8.0,7.0,14.82223146329913,5.0,0.0
693,39985.0,8.0,7.0,14.823087894243326,5.0,0.0
694,39985.0,8.0,7.0,14.823955342800643,5.0,0.0
695,39985.0,8.0,7.0,14.824826169452015,5.0,0.0
696,39985.0,8.0,7.0,14.82570989784143,5.0,0.0
697,39985.0,8.0,7.0,14.82656837246213,5.0,0.0
698,39985.0,8.0,7.0,14.827420700574253,5.0,0.0
699,39985.0,8.0,7.0,14.828273274806321,5.0,0.0
700,39985.0,8.0,7.0,14.829128332424085,5.0,0.0
701,39985.0,8.0,7.0,14.829971555930257,5.0,0.0
702,39985.0,8.0,7.0,14.830835151286532,5.0,0.0
703,39985.0,8.0,7.0,14.831691537698243,5.0,0.0
704,39985.0,8.0,7.0,14.832556203857939,5.0,0.0
705,39985.0,8.0,7.0,14.833416275122763,5.0,0.0
706,39985.0,8.0,7.0,14.834281221936696,5.0,0.0
707,39985.0,8.0,7.0,14.835136141225812,5.0,0.0
708,39985.0,8.0,7.0,14.835963592601287,5.0,0.0
709,39985.0,8.0,7.0,14.836821404192321,5.0,0.0
710,39985.0,8.0,7.0,14.83766556217272,5.0,0.0
711,39985.0,8.0,7.0,14.838500054205893,5.0,0.0
712,39985.0,8.0,7.0,14.839356612185846,5.0,0.0
713,39985.0,8.0,7.0,14.840212046018603,5.0,0.0
714,39985.0,8.0,7.0,14.841019956360853,5.0,0.0
715,39985.0,8.0,7.0,14.841855497916402,5.0,0.0
716,39985.0,8.0,7.0,14.842703156250542,5.0,0.0
717,39985.0,8.0,7.0,14.843534012839323,5.0,0.0
718,39985.0,8.0,7.0,14.844378243690722,5.0,0.0
719,39985.0,8.0,7.0,14.845206425692497,5.0,0.0
720,39985.0,8.0,7.0,14.846024350940485,5.0,0.0
721,39985.0,8.0,7.0,14.846857491690338,5.0,0.0
722,39985.0,8.0,7.0,14.847693418849751,5.0,0.0
723,39985.0,8.0,7.0,14.848517799538426,5.0,0.0
724,39985.0,8.0,7.0,14.849347635378116,5.0,0.0
725,39985.0,8.0,7.0,14.850179548371395,5.0,0.0
726,39985.0,8.0,7.0,14.850997402936054,5.0,0.0
727,39985.0,8.0,7.0,14.851817037584087,5.0,0.0
728,39985.0,8.0,7.0,14.852645231715218,5.0,0.0
729,39985.0,7.0,8.0,14.853464259829162,5.0,0.0
730,39985.0,7.0,8.0,14.851066864045178,5.0,0.0
731,39985.0,7.0,8.0,14.848661200298915,5.0,0.0
732,39985.0,7.0,8.0,14.846292655305081,5.0,0.0
733,39985.0,7.0,8.0,14.843923554393179,5.0,0.0
734,39985.0,7.0,8.0,14.841553366675807,5.0,0.0
735,39985.0,7.0,8.0,14.839193217429134,5.0,0.0
736,39985.0,7.0,8.0,14.836817084983258,5.0,0.0
737,39985.0,7.0,8.0,14.834460101918623,5.0,0.0
738,39985.0,7.0,8.0,14.832114955288493,5.0,0.0
739,39985.0,7.0,8.0,14.829762458777573,5.0,0.0
740,39985.0,7.0,8.0,14.827419565674667,5.0,0.0
741,39985.0,7.0,8.0,14.825066485933068,5.0,0.0
742,39985.0,7.0,8.0,14.822737399637647,5.0,0.0
743,39985.0,7.0,8.0,14.820403963952247,5.0,0.0
744,39985.0,7.0,8.0,14.818078129906716,5.0,0.0
745,39985.0,7.0,8.0,14.815765623005623,5.0,0.0
746,39985.0,7.0,8.0,14.813446355579737,5.0,0.0
747,39985.0,7.0,8.0,14.811109819693467,5.0,0.0
748,39985.0,7.0,8.0,14.808776570018026,5.0,0.0
749,39985.0,7.0,8.0,14.806469483717459,5.0,0.0
750,39985.0,7.0,8.0,14.804175250350132,5.0,0.0
751,39985.0,7.0,8.0,14.801866396264236,5.0,0.0
752,39985.0,7.0,8.0,14.799549998556284,5.0,0.0
753,39985.0,7.0,8.0,14.797274134537927,5.0,0.0
754,39985.0,7.0,8.0,14.794990791859368,5.0,0.0
755,39985.0,7.0,8.0,14.792709778448103,5.0,0.0
756,39985.0,7.0,8.0,14.790446649083707,5.0,0.0
757,39985.0,7.0,8.0,14.788157043101357,5.0,0.0
758,39985.0,7.0,8.0,14.785880809234621,5.0,0.0
759,39985.0,7.0,8.0,14.783612983120392,5.0,0.0
760,39985.0,7.0,8.0,14.781329644173082,5.0,0.0
761,39985.0,7.0,8.0,14.77908011789623,5.0,0.0
762,39985.0,7.0,8.0,14.776819207874288,5.0,0.0
763,39985.0,7.0,8.0,14.774550723367868,5.0,0.0
764,39985.0,7.0,8.0,14.77228459901248,5.0,0.0
765,39985.0,7.0,8.0,14.77001664218518,5.0,0.0
766,39985.0,7.0,8.0,14.767754400605893,5.0,0.0
767,39985.0,7.0,8.0,14.765518743794642,5.0,0.0
768,39985.0,7.0,8.0,14.76328088542325,5.0,0.0
769,39985.0,7.0,8.0,14.76103624260453,5.0,0.0
770,39985.0,7.0,8.0,14.758799729106634,5.0,0.0
771,39985.0,6.0,9.0,14.756576727464585,5.0,0.0
772,39985.0,6.0,9.0,14.751161408565704,5.0,0.0
773,39985.0,6.0,9.0,14.745741920321716,5.0,0.0
774,39985.0,6.0,9.0,14.74033448423324,5.0,0.0
775,39985.0,6.0,9.0,14.734951079442098,5.0,0.0
776,39985.0,6.0,9.0,14.729563415058061,5.0,0.0
777,39985.0,6.0,9.0,14.724176092818416,5.0,0.0
778,39985.0,6.0,9.0,14.718776903581151,5.0,0.0
779,39985.0,6.0,9.0,14.713423791220652,5.0,0.0
780,39985.0,6.0,9.0,14.708076487121792,5.0,0.0
781,39985.0,6.0,9.0,14.702743267613993,5.0,0.0
782,39985.0,6.0,9.0,14.697412219308433,5.0,0.0
783,39985.0,6.0,9.0,14.6920822634331,5.0,0.0
784,39985.0,6.0,9.0,14.686777168005934,5.0,0.0
785,39985.0,6.0,9.0,14.681463914788162,5.0,0.0
786,39985.0,6.0,9.0,14.676157425802112,5.0,0.0
787,39985.0,6.0,9.0,14.670881415409319,5.0,0.0
788,39985.0,6.0,9.0,14.665576314586787,5.0,0.0
789,39985.0,6.0,9.0,14.660286703641546,5.0,0.0
790,39985.0,6.0,9.0,14.655023721321053,5.0,0.0
791,39985.0,6.0,9.0,14.649753523528151,5.0,0.0
792,39985.0,6.0,9.0,14.644494194922242,5.0,0.0
793,39985.0,6.0,9.0,14.639251920080948,5.0,0.0
794,39985.0,6.0,9.0,14.634032102191107,5.0,0.0
795,39985.0,6.0,9.0,14.628811063248383,5.0,0.0
796,39985.0,6.0,9.0,14.623603003741291,5.0,0.0
797,39985.0,6.0,9.0,14.618398812879866,5.0,0.0
798,39985.0,6.0,9.0,14.613200524740865,5.0,0.0
799,39985.0,6.0,9.0,14.60800078158687,5.0,0.0
800,39985.0,6.0,9.0,14.602838569408487,5.0,0.0
801,39985.0,6.0,9.0,14.597670293730301,5.0,0.0
802,39985.0,6.0,9.0,14.592521775479629,5.0,0.0
803,39985.0,6.0,9.0,14.587388582738537,5.0,0.0
804,39985.0,6.0,9.0,14.582238745588644,5.0,0.0
805,39985.0,6.0,9.0,14.57710100774211,5.0,0.0
806,39985.0,6.0,9.0,14.571983276715713,5.0,0.0
807,39985.0,6.0,9.0,14.566860896315648,5.0,0.0
808,39985.0,6.0,9.0,14.561734057529446,5.0,0.0
809,39985.0,6.0,9.0,14.556635476860093,5.0,0.0
810,39985.0,6.0,9.0,14.551552292974803,5.0,0.0
811,39985.0,6.0,9.0,14.546474049001793,5.0,0.0
812,39985.0,6.0,9.0,14.541392981550036,5.0,0.0
813,39985.0,6.0,9.0,14.53632943334674,5.0,0.0
814,39985.0,6.0,9.0,14.531283571785782,5.0,0.0
815,39985.0,6.0,9.0,14.526219038905843,5.0,0.0
816,39985.0,6.0,9.0,14.521168050964121,5.0,0.0
817,39985.0,6.0,9.0,14.516153179322645,5.0,0.0
818,39985.0,6.0,9.0,14.511129333135514,5.0,0.0
819,39985.0,6.0,9.0,14.506115398863937,5.0,0.0
820,39985.0,6.0,9.0,14.50113013813801,5.0,0.0
821,39985.0,6.0,9.0,14.496125642054412,5.0,0.0
822,39985.0,6.0,9.0,14.491145331925543,5.0,0.0
823,39985.0,6.0,9.0,14.486160577445506,5.0,0.0
824,39985.0,6.0,9.0,14.481171745930292,5.0,0.0
825,39985.0,6.0,9.0,14.476204326799984,5.0,0.0
826,39985.0,6.0,9.0,14.47127315198685,5.0,0.0
827,39985.0,6.0,9.0,14.466314882890035,5.0,0.0
828,39985.0,6.0,9.0,14.461382427063302,5.0,0.0
829,39985.0,6.0,9.0,14.456470394337193,5.0,0.0
830,39985.0,6.0,9.0,14.451546693395933,5.0,0.0
831,39985.0,6.0,9.0,14.446612961343558,5.0,0.0
832,39985.0,6.0,9.0,14.441705981646749,5.0,0.0
833,39985.0,6.0,9.0,14.436813975834893,5.0,0.0
834,39985.0,6.0,9.0,14.43192379421427,5.0,0.0
835,39985.0,6.0,9.0,14.427040809585115,5.0,0.0
836,39985.0,6.0,9.0,14.42214907159075,5.0,0.0
837,39985.0,6.0,9.0,14.417296467793662,5.0,0.0
838,39985.0,6.0,9.0,14.412431321061865,5.0,0.0
839,39985.0,6.0,9.0,14.407591989002382,5.0,0.0
840,39985.0,6.0,9.0,14.40275020585981,5.0,0.0
841,39985.0,6.0,9.0,14.397926876676507,5.0,0.0
842,39985.0,6.0,9.0,14.393109774408785,5.0,0.0
843,39985.0,6.0,9.0,14.388284708140201,5.0,0.0
844,39985.0,6.0,9.0,14.38347870212346,5.0,0.0
845,39985.0,6.0,9.0,14.378654972584041,5.0,0.0
846,39985.0,6.0,9.0,14.373861184656343,5.0,0.0
847,39985.0,6.0,9.0,14.369069203083852,5.0,0.0
848,39985.0,6.0,9.0,14.364301047406279,5.0,0.0
849,39985.0,6.0,9.0,14.359506814036946,5.0,0.0
850,39985.0,6.0,9.0,14.354751393262315,5.0,0.0
851,39985.0,6.0,9.0,14.349998116725445,5.0,0.0
852,39985.0,6.0,9.0,14.345237360850764,5.0,0.0
853,39985.0,6.0,9.0,14.340487798759922,5.0,0.0
854,39985.0,6.0,9.0,14.335765464591448,5.0,0.0
855,39985.0,6.0,9.0,14.331055981576094,5.0,0.0
856,39985.0,6.0,9.0,14.326345267378162,5.0,0.0
857,39985.0,6.0,9.0,14.321625403959935,5.0,0.0
858,39985.0,6.0,9.0,14.316924801240004,5.0,0.0
859,39985.0,6.0,9.0,14.312241561436213,5.0,0.0
860,39985.0,6.0,9.0,14.30755487805295,5.0,0.0
861,39985.0,6.0,9.0,14.302879945790291,5.0,0.0
862,39985.0,6.0,9.0,14.298203039611835,5.0,0.0
863,39985.0,6.0,9.0,14.293539110713205,5.0,0.0
864,39985.0,6.0,9.0,14.288885821651993,5.0,0.0
865,39985.0,6.0,9.0,14.28424645421727,5.0,0.0
866,39985.0,6.0,9.0,14.279604977396511,5.0,0.0
867,39985.0,6.0,9.0,14.2749846426929